{
	"randomdeath0": {
        "replace": false,
        "sounds": [
            "randomdeath0"
        ]
    },
	"mosconi": {
        "replace": false,
        "sounds": [
            "mosconi"
        ]
    },
	"mosconi2": {
        "replace": false,
        "sounds": [
            "mosconi2"
        ]
    },
	"propsalvini1": {
        "replace": false,
        "sounds": [
            "propsalvini1"
        ]
    },
	"propsalvini2": {
        "replace": false,
        "sounds": [
            "propsalvini2"
        ]
    },
	"propsalvini3": {
        "replace": false,
        "sounds": [
            "propsalvini3"
        ]
    },
	"propsalvini4": {
        "replace": false,
        "sounds": [
            "propsalvini4"
        ]
    },
	"propsalvini5": {
        "replace": false,
        "sounds": [
            "propsalvini5"
        ]
    },
	"propsalvini6": {
        "replace": false,
        "sounds": [
            "propsalvini6"
        ]
    },
	"propsalvini7": {
        "replace": false,
        "sounds": [
            "propsalvini7"
        ]
    },
	"propsalvini8": {
        "replace": false,
        "sounds": [
            "propsalvini8"
        ]
    },
	"propsalvini9": {
        "replace": false,
        "sounds": [
            "propsalvini9"
        ]
    },
	"propsalvini10": {
        "replace": false,
        "sounds": [
            "propsalvini10"
        ]
    },
	"propsalvini11": {
        "replace": false,
        "sounds": [
            "propsalvini11"
        ]
    },
	"propsalvini12": {
        "replace": false,
        "sounds": [
            "propsalvini12"
        ]
    },
	"propsalvini13": {
        "replace": false,
        "sounds": [
            "propsalvini13"
        ]
    },
	"propsalvini14": {
        "replace": false,
        "sounds": [
            "propsalvini14"
        ]
    },
	"propsalvini15": {
        "replace": false,
        "sounds": [
            "propsalvini15"
        ]
    },
	"propsalvini16": {
        "replace": false,
        "sounds": [
            "propsalvini16"
        ]
    },
	"propsalvini17": {
        "replace": false,
        "sounds": [
            "propsalvini17"
        ]
    },
	"propsalvini18": {
        "replace": false,
        "sounds": [
            "propsalvini18"
        ]
    },
	"provsalvini1": {
        "replace": false,
        "sounds": [
            "provsalvini1"
        ]
    },
	"provsalvini2": {
        "replace": false,
        "sounds": [
            "provsalvini2"
        ]
    },
	"provsalvini3": {
        "replace": false,
        "sounds": [
            "provsalvini3"
        ]
    },
	"provsalvini4": {
        "replace": false,
        "sounds": [
            "provsalvini4"
        ]
    },
	"provsalvini5": {
        "replace": false,
        "sounds": [
            "provsalvini5"
        ]
    },
	"provsalvini6": {
        "replace": false,
        "sounds": [
            "provsalvini6"
        ]
    },
	"provsalvini7": {
        "replace": false,
        "sounds": [
            "provsalvini7"
        ]
    },
	"provsalvini8": {
        "replace": false,
        "sounds": [
            "provsalvini8"
        ]
    },
	"provsalvini9": {
        "replace": false,
        "sounds": [
            "provsalvini9"
        ]
    },
	"provsalvini10": {
        "replace": false,
        "sounds": [
            "provsalvini10"
        ]
    },
	"provsalvini11": {
        "replace": false,
        "sounds": [
            "provsalvini11"
        ]
    },
	"provsalvini12": {
        "replace": false,
        "sounds": [
            "provsalvini12"
        ]
    },
	"provsalvini13": {
        "replace": false,
        "sounds": [
            "provsalvini13"
        ]
    },
	"provsalvini14": {
        "replace": false,
        "sounds": [
            "provsalvini14"
        ]
    },
	"provsalvini15": {
        "replace": false,
        "sounds": [
            "provsalvini15"
        ]
    },
	"provsalvini16": {
        "replace": false,
        "sounds": [
            "provsalvini16"
        ]
    },
	"provsalvini17": {
        "replace": false,
        "sounds": [
            "provsalvini17"
        ]
    },
	"provsalvini18": {
        "replace": false,
        "sounds": [
            "provsalvini18"
        ]
    },
	"pressalvini0": {
        "replace": false,
        "sounds": [
            "pressalvini0"
        ]
    },
	"finalsalvini0": {
        "replace": false,
        "sounds": [
            "finalsalvini0"
        ]
    },	
	"provrenzi1": {
        "replace": false,
        "sounds": [
            "provrenzi1"
        ]
    },
	"provrenzi2": {
        "replace": false,
        "sounds": [
            "provrenzi2"
        ]
    },
	"provrenzi3": {
        "replace": false,
        "sounds": [
            "provrenzi3"
        ]
    },
	"provrenzi4": {
        "replace": false,
        "sounds": [
            "provrenzi4"
        ]
    },
	"provrenzi5": {
        "replace": false,
        "sounds": [
            "provrenzi5"
        ]
    },
	"provrenzi6": {
        "replace": false,
        "sounds": [
            "provrenzi6"
        ]
    },
	"provrenzi7": {
        "replace": false,
        "sounds": [
            "provrenzi7"
        ]
    },
	"provrenzi8": {
        "replace": false,
        "sounds": [
            "provrenzi8"
        ]
    },	
	"proprenzi1": {
        "replace": false,
        "sounds": [
            "proprenzi1"
        ]
    },
	"proprenzi2": {
        "replace": false,
        "sounds": [
            "proprenzi2"
        ]
    },
	"proprenzi3": {
        "replace": false,
        "sounds": [
            "proprenzi3"
        ]
    },
	"proprenzi4": {
        "replace": false,
        "sounds": [
            "proprenzi4"
        ]
    },
	"proprenzi5": {
        "replace": false,
        "sounds": [
            "proprenzi5"
        ]
    },
	"proprenzi6": {
        "replace": false,
        "sounds": [
            "proprenzi6"
        ]
    },
	"presrenzi0": {
        "replace": false,
        "sounds": [
            "presrenzi0"
        ]
    },
	"finalrenzi0": {
        "replace": false,
        "sounds": [
            "finalrenzi0"
        ]
    }		
}